{
  "evaluation_date": "2025-05-30T14:39:26.127851",
  "dev_results": {
    "metrics": {
      "bm25": {
        "1": 0.5114285714285715,
        "5": 0.5589642857142857,
        "10": 0.5589642857142857
      },
      "tfidf": {
        "1": 0.4407142857142857,
        "5": 0.50925,
        "10": 0.50925
      },
      "custom_retriever": {
        "1": 0.2671428571428571,
        "5": 0.3252142857142857,
        "10": 0.3252142857142857
      },
      "vector_store": {
        "1": 0.41,
        "5": 0.4847261904761905,
        "10": 0.4847261904761905
      },
      "bm25_reranker": {
        "1": 0.5578571428571428,
        "5": 0.6069285714285715,
        "10": 0.6069285714285715
      },
      "tfidf_reranker": {
        "1": 0.5635714285714286,
        "5": 0.6189166666666667,
        "10": 0.6189166666666667
      },
      "custom_retriever_reranker": {
        "1": 0.5235714285714286,
        "5": 0.5593809523809524,
        "10": 0.5593809523809524
      },
      "vector_store_reranker": {
        "1": 0.5564285714285714,
        "5": 0.582,
        "10": 0.582
      },
      "multi_stage_hybrid": {
        "1": 0.5721428571428572,
        "5": 0.6209404761904761,
        "10": 0.6209404761904761
      },
      "query_expansion": {
        "1": 0.42214285714285715,
        "5": 0.4920119047619047,
        "10": 0.4920119047619047
      }
    },
    "best_model": "multi_stage_hybrid",
    "best_score": 0.6209404761904761,
    "output_dir": "results/eval_20250530_121959"
  },
  "test_results": {
    "model_used": "multi_stage_hybrid",
    "output_dir": "results/test_multi_stage_hybrid_20250530_141559",
    "config": {
      "collection_path": "data/subtask4b_collection_data.pkl",
      "query_path": "data/subtask4b_query_tweets_test.tsv",
      "models": [
        "multi_stage_hybrid"
      ],
      "output_dir": "results/test_multi_stage_hybrid_20250530_141559",
      "top_k": 5,
      "collection_columns": [
        "title",
        "abstract"
      ],
      "cache_dir": "cache",
      "batch_size": 32,
      "use_gpu": true
    }
  }
}